method,selection,metric_type,ari,precision,recall,f1,runtime_sec,score,alpha,beta,alpha_ci,alpha_inv
RePaRe_grouped,score,partition,0.9317038102084831,1.0,0.5,0.6666666666666666,0.0223964119941229,1182930.6738037649,0.001,0.0001,,
RePaRe_grouped,oracle,partition,1.0,1.0,0.5,0.6666666666666666,0.02920825699402485,1182984.5241716714,0.0001,0.0001,,
RePaRe_ungrouped,score,partition,1.0,1.0,0.8,0.888888888888889,0.12703767500352114,1164929.996435871,0.0001,0.01,,
RePaRe_ungrouped,oracle,partition,1.0,1.0,0.8,0.888888888888889,0.12703767500352114,1164929.996435871,0.0001,0.01,,
GIES,score,edges,,0.631578947368421,0.6153846153846154,0.6233766233766234,7.77688405400113,-1148242.1911793808,,,,
GnIES,score,skeleton,,0.425531914893617,0.5128205128205128,0.4651162790697675,535.6754447819985,-540269.8670118647,,,,
UT-IGSP,score,edges,,0.5111111111111111,0.5897435897435898,0.5476190476190476,0.4322828060030588,1908878.5063125752,,,0.001,0.0001
UT-IGSP,oracle,edges,,0.5348837209302325,0.5897435897435898,0.5609756097560975,0.9197591629999806,1908916.0048502344,,,0.0001,0.01
