{
  "alpha": 0.01,
  "beta": 0.001,
  "ari": 0.9317038102084831,
  "score": 1182930.6738037923,
  "fit_time": 0.019961500001954846,
  "num_parts": 4,
  "num_edges": 2,
  "precision": 1.0,
  "recall": 0.5,
  "f1": 0.6666666666666666
}