method,selection,metric_type,ari,precision,recall,f1,runtime_sec,score,alpha,beta,alpha_ci,alpha_inv
RePaRe_grouped,score,partition,1.0,1.0,0.5,0.6666666666666666,0.016042625007685274,-1400296.8046381357,0.0001,0.0001,,
RePaRe_grouped,oracle,partition,1.0,1.0,0.5,0.6666666666666666,0.016042625007685274,-1400296.8046381357,0.0001,0.0001,,
RePaRe_ungrouped,score,partition,1.0,0.8571428571428571,0.6,0.7058823529411764,0.07443441700888798,-1274823.829265385,0.0001,0.0001,,
RePaRe_ungrouped,oracle,partition,1.0,0.875,0.7,0.7777777777777777,0.07658537500537932,-1274670.0062496492,0.0001,0.1,,
GIES,score,edges,,0.631578947368421,0.6153846153846154,0.6233766233766234,1.679198792000534,-1148242.1911793465,,,,
GnIES,score,skeleton,,0.425531914893617,0.5128205128205128,0.4651162790697675,343.1580180830206,-540269.8670118579,,,,
UT-IGSP,score,edges,,0.5111111111111111,0.5897435897435898,0.5476190476190476,0.1408335409942083,1908878.5063125752,,,0.001,0.0001
UT-IGSP,oracle,edges,,0.5111111111111111,0.5897435897435898,0.5476190476190476,0.1408335409942083,1908878.5063125752,,,0.001,0.0001
