method,selection,metric_type,ari,precision,recall,f1,runtime_sec,score,alpha,beta,alpha_ci,alpha_inv
RePaRe_grouped,score,partition,0.6263656227239621,1.0,0.5,0.6666666666666666,0.022587309000300593,-1184649.6707603403,0.1,0.0001,,
RePaRe_grouped,oracle,partition,1.0,1.0,0.5,0.6666666666666666,0.019933543000661302,-1182984.5241716714,0.0001,0.0001,,
RePaRe_ungrouped,score,partition,0.8161586840832123,1.0,0.4166666666666667,0.5882352941176471,0.09820435700021335,-1186742.5466481505,0.01,0.0001,,
RePaRe_ungrouped,oracle,partition,1.0,1.0,0.8,0.888888888888889,0.12475338199874386,-1164929.996435871,0.0001,0.01,,
GIES,score,edges,,0.631578947368421,0.6153846153846154,0.6233766233766234,2.51662231499904,-1148242.1911793808,,,,
GnIES,score,skeleton,,0.425531914893617,0.5128205128205128,0.4651162790697675,538.0868578019999,-540269.8670118647,,,,
UT-IGSP,score,edges,,0.4888888888888889,0.5641025641025641,0.5238095238095238,0.15214880200073821,1908876.484527513,,,0.001,0.001
UT-IGSP,oracle,edges,,0.5111111111111111,0.5897435897435898,0.5476190476190476,0.2263969449995784,1908879.0655431682,,,0.001,0.01
