{
  "alpha": 0.001,
  "beta": 0.001,
  "ari": 0.9317038102084831,
  "score": 1167226.7764444016,
  "fit_time": 0.022429084001487354,
  "num_parts": 4,
  "num_edges": 2,
  "precision": 1.0,
  "recall": 0.5,
  "f1": 0.6666666666666666
}