{
  "alpha": 0.0001,
  "beta": 0.1,
  "ari": 1.0,
  "score": 1167291.7978783706,
  "fit_time": 0.0214954580005724,
  "num_parts": 4,
  "num_edges": 2,
  "precision": 1.0,
  "recall": 0.5,
  "f1": 0.6666666666666666
}