{
  "alpha": 0.001,
  "beta": 0.0001,
  "ari": 0.9317038102084831,
  "score": 1346360.1086072694,
  "fit_time": 0.02097249999860651,
  "num_parts": 4,
  "num_edges": 2,
  "precision": 1.0,
  "recall": 0.5,
  "f1": 0.6666666666666666
}