{
  "alpha": 0.1,
  "beta": 0.001,
  "ari": 0.6263656227239621,
  "score": 1167204.7052850444,
  "fit_time": 0.020737040998938028,
  "num_parts": 4,
  "num_edges": 2,
  "precision": 1.0,
  "recall": 0.5,
  "f1": 0.6666666666666666
}