{
  "alpha": 0.0001,
  "beta": 0.01,
  "ari": 1.0,
  "score": 1182984.5241716998,
  "fit_time": 0.023362457999610342,
  "num_parts": 4,
  "num_edges": 2,
  "precision": 1.0,
  "recall": 0.5,
  "f1": 0.6666666666666666
}