{
  "alpha": 0.0001,
  "beta": 0.001,
  "ari": 1.0,
  "score": 1378898.3564278744,
  "fit_time": 0.020260540997696808,
  "num_parts": 4,
  "num_edges": 2,
  "precision": 1.0,
  "recall": 0.5,
  "f1": 0.6666666666666666
}