{
  "alpha": 0.01,
  "beta": 0.1,
  "ari": 0.9317038102084831,
  "score": 1346360.1086072694,
  "fit_time": 0.020311459000367904,
  "num_parts": 4,
  "num_edges": 2,
  "precision": 1.0,
  "recall": 0.5,
  "f1": 0.6666666666666666
}