{
  "alpha": 0.1,
  "beta": 0.0001,
  "ari": 0.6263656227239621,
  "score": 1184649.6707603685,
  "fit_time": 0.020440332998987287,
  "num_parts": 4,
  "num_edges": 2,
  "precision": 1.0,
  "recall": 0.5,
  "f1": 0.6666666666666666
}