{
  "alpha": 0.1,
  "beta": 0.01,
  "ari": 0.6263656227239621,
  "score": 1311851.7265554422,
  "fit_time": 0.021196959001827054,
  "num_parts": 4,
  "num_edges": 2,
  "precision": 1.0,
  "recall": 0.5,
  "f1": 0.6666666666666666
}